filename,label,issue_tag,duration_seconds
clip_000001.mp4,successful_landing,,5.03
clip_000002.mp4,failed_landing,,5.02
clip_000003.mp4,failed_landing,,5.02
clip_000004.mp4,successful_landing,,5.02
clip_000005.mp4,successful_landing,,5.03
clip_000006.mp4,failed_landing,,5.02
clip_000007.mp4,successful_landing,,5.02
clip_000008.mp4,failed_landing,body_contact,5.02
clip_000009.mp4,failed_landing,body_contact,5.02
clip_000010.mp4,successful_landing,,5.02
clip_000011.mp4,failed_landing,,5.05
clip_000012.mp4,failed_landing,,5.05
clip_000013.mp4,failed_landing,,5.05
clip_000014.mp4,successful_landing,,5.05
clip_000015.mp4,failed_landing,body_contact,5.05
clip_000016.mp4,failed_landing,,5.05
clip_000017.mp4,failed_landing,,5.05
clip_000018.mp4,failed_landing,,5.05
clip_000019.mp4,failed_landing,,5.05
clip_000020.mp4,successful_landing,,5.05
clip_000021.mp4,failed_landing,,5.05
clip_000022.mp4,successful_landing,,5.05
clip_000023.mp4,failed_landing,,5.05
clip_000024.mp4,failed_landing,,5.05
clip_000025.mp4,failed_landing,body_contact,5.05
clip_000026.mp4,failed_landing,,5.05
clip_000027.mp4,successful_landing,,5.05
clip_000028.mp4,failed_landing,body_contact,5.05
clip_000029.mp4,failed_landing,,5.05
clip_000030.mp4,successful_landing,,5.05
clip_000031.mp4,failed_landing,,5.05
clip_000032.mp4,failed_landing,,5.05
clip_000033.mp4,failed_landing,,5.05
clip_000034.mp4,failed_landing,,5.05
clip_000035.mp4,failed_landing,,5.05
clip_000036.mp4,failed_landing,,5.05
clip_000037.mp4,failed_landing,,5.05
clip_000038.mp4,failed_landing,,5.05
clip_000039.mp4,failed_landing,,5.05
clip_000040.mp4,successful_landing,,5.05
clip_000041.mp4,failed_landing,,5.05
clip_000042.mp4,successful_landing,,5.05
clip_000043.mp4,failed_landing,,5.05
clip_000044.mp4,successful_landing,,5.05
clip_000045.mp4,failed_landing,bottle_left_frame,5.05
clip_000046.mp4,successful_landing,,5.05
clip_000047.mp4,failed_landing,body_contact,5.05
clip_000048.mp4,failed_landing,,5.05
clip_000049.mp4,failed_landing,bottle_left_frame,5.05
clip_000050.mp4,successful_landing,,5.05
clip_000051.mp4,failed_landing,body_contact,5.05
clip_000052.mp4,successful_landing,,5.05
clip_000053.mp4,failed_landing,,5.05
clip_000054.mp4,failed_landing,,5.05
clip_000055.mp4,successful_landing,,5.05
clip_000056.mp4,successful_landing,,5.05
clip_000057.mp4,failed_landing,,5.05
clip_000058.mp4,failed_landing,body_contact,5.05
clip_000059.mp4,failed_landing,,5.05
clip_000060.mp4,failed_landing,,5.05
clip_000061.mp4,successful_landing,,5.05
clip_000062.mp4,successful_landing,,5.05
clip_000063.mp4,successful_landing,,5.05
clip_000064.mp4,successful_landing,,5.05
clip_000065.mp4,successful_landing,,5.05
clip_000066.mp4,failed_landing,,5.05
clip_000067.mp4,successful_landing,,5.05
clip_000068.mp4,failed_landing,body_contact,5.05
clip_000069.mp4,failed_landing,,5.05
clip_000070.mp4,successful_landing,,5.05
clip_000071.mp4,successful_landing,,5.05
clip_000072.mp4,successful_landing,,5.05
clip_000073.mp4,successful_landing,,5.05
clip_000074.mp4,successful_landing,,5.05
clip_000075.mp4,successful_landing,,5.05
clip_000076.mp4,successful_landing,,5.05
clip_000077.mp4,successful_landing,,5.05
clip_000078.mp4,successful_landing,,5.05
clip_000079.mp4,successful_landing,,5.05
clip_000080.mp4,failed_landing,,5.05
clip_000081.mp4,successful_landing,,5.05
clip_000082.mp4,failed_landing,,5.05
clip_000083.mp4,failed_landing,,5.05
clip_000084.mp4,failed_landing,,5.05
clip_000085.mp4,failed_landing,,5.05
clip_000086.mp4,failed_landing,,5.05
clip_000087.mp4,failed_landing,,5.05
clip_000088.mp4,failed_landing,,5.05
clip_000089.mp4,failed_landing,,5.05
clip_000090.mp4,successful_landing,,5.05
clip_000091.mp4,failed_landing,,5.05
clip_000092.mp4,failed_landing,,5.05
clip_000093.mp4,failed_landing,,5.05
clip_000094.mp4,successful_landing,,5.05
clip_000095.mp4,successful_landing,,5.05
clip_000096.mp4,failed_landing,,5.05
clip_000097.mp4,failed_landing,,5.05
clip_000098.mp4,failed_landing,,5.05
clip_000099.mp4,failed_landing,,5.05
clip_000100.mp4,failed_landing,,5.05
clip_000101.mp4,successful_landing,,5.05
clip_000102.mp4,successful_landing,,5.05
clip_000103.mp4,failed_landing,,5.05
clip_000104.mp4,failed_landing,,5.05
clip_000105.mp4,failed_landing,,5.05
clip_000106.mp4,successful_landing,,5.05
clip_000107.mp4,failed_landing,,5.05
clip_000108.mp4,failed_landing,body_contact,5.05
clip_000109.mp4,failed_landing,,5.05
clip_000110.mp4,failed_landing,body_contact,5.05
clip_000111.mp4,failed_landing,,5.05
clip_000112.mp4,failed_landing,,5.05
clip_000113.mp4,successful_landing,,5.05
clip_000114.mp4,failed_landing,,5.03
clip_000115.mp4,successful_landing,,5.03
clip_000116.mp4,failed_landing,,4.03
clip_000117.mp4,failed_landing,,4.02
clip_000118.mp4,failed_landing,,4.03
clip_000119.mp4,successful_landing,,4.01
clip_000120.mp4,failed_landing,,4.02
clip_000121.mp4,failed_landing,,4.02
clip_000122.mp4,failed_landing,,4.02
clip_000123.mp4,failed_landing,,4.02
clip_000124.mp4,failed_landing,,4.02
clip_000125.mp4,failed_landing,,4.02
clip_000126.mp4,successful_landing,,4.01
clip_000127.mp4,failed_landing,,4.01
clip_000128.mp4,successful_landing,,4.01
clip_000129.mp4,failed_landing,,4.02
clip_000130.mp4,failed_landing,,4.02
clip_000131.mp4,failed_landing,,4.02
clip_000132.mp4,successful_landing,,4.02
clip_000133.mp4,successful_landing,,4.02
clip_000134.mp4,failed_landing,,4.03
clip_000135.mp4,successful_landing,,4.01
clip_000136.mp4,failed_landing,,4.02
clip_000137.mp4,failed_landing,,4.02
clip_000138.mp4,failed_landing,,4.02
clip_000139.mp4,successful_landing,,4.01
clip_000140.mp4,successful_landing,,4.02
clip_000141.mp4,failed_landing,,4.01
clip_000142.mp4,successful_landing,,4.01
clip_000143.mp4,failed_landing,,4.02
clip_000144.mp4,failed_landing,,4.02
clip_000145.mp4,successful_landing,,4.02
clip_000146.mp4,successful_landing,,4.02
clip_000147.mp4,failed_landing,,4.01
clip_000148.mp4,successful_landing,,4.02
clip_000149.mp4,failed_landing,,4.01
clip_000150.mp4,failed_landing,,4.02
clip_000151.mp4,successful_landing,,4.02
clip_000152.mp4,failed_landing,,4.02
clip_000153.mp4,successful_landing,,4.01
clip_000154.mp4,failed_landing,,4.01
clip_000155.mp4,failed_landing,,4.02
clip_000156.mp4,successful_landing,,4.01
clip_000157.mp4,failed_landing,,4.02
clip_000158.mp4,failed_landing,,4.02
clip_000159.mp4,successful_landing,,4.02
clip_000160.mp4,failed_landing,,4.02
clip_000161.mp4,failed_landing,,4.02
clip_000162.mp4,failed_landing,,4.02
clip_000163.mp4,failed_landing,,4.02
clip_000164.mp4,successful_landing,,4.02
clip_000165.mp4,failed_landing,,4.02
clip_000166.mp4,failed_landing,,4.02
clip_000167.mp4,successful_landing,,4.02
clip_000168.mp4,successful_landing,,4.02
clip_000169.mp4,successful_landing,,4.02
clip_000170.mp4,successful_landing,,4.02
clip_000171.mp4,failed_landing,,4.02
clip_000172.mp4,failed_landing,,4.02
clip_000173.mp4,failed_landing,,4.01
clip_000174.mp4,failed_landing,,4.02
clip_000175.mp4,successful_landing,,4.01
clip_000176.mp4,failed_landing,,4.02
clip_000177.mp4,successful_landing,,4.02
clip_000178.mp4,successful_landing,,4.02
clip_000179.mp4,failed_landing,,4.02
clip_000180.mp4,successful_landing,,4.01
clip_000181.mp4,successful_landing,,4.01
clip_000182.mp4,failed_landing,,4.02
clip_000183.mp4,failed_landing,,4.02
clip_000184.mp4,successful_landing,,4.02
clip_000185.mp4,successful_landing,,4.02
clip_000186.mp4,failed_landing,,4.01
clip_000187.mp4,successful_landing,,4.02
clip_000188.mp4,successful_landing,,4.03
clip_000189.mp4,successful_landing,,4.01
clip_000190.mp4,successful_landing,,4.02
clip_000191.mp4,failed_landing,,4.02
clip_000192.mp4,failed_landing,,4.01
clip_000193.mp4,failed_landing,,4.01
clip_000194.mp4,successful_landing,,4.02
clip_000195.mp4,successful_landing,,4.02
clip_000196.mp4,successful_landing,,4.02
clip_000197.mp4,failed_landing,,4.02
clip_000198.mp4,successful_landing,,4.02
clip_000199.mp4,failed_landing,,4.02
clip_000200.mp4,failed_landing,,4.01
clip_000201.mp4,successful_landing,,4.02
clip_000202.mp4,successful_landing,,4.01
clip_000203.mp4,successful_landing,,4.02
clip_000204.mp4,failed_landing,,4.02
clip_000205.mp4,failed_landing,,4.02
clip_000206.mp4,failed_landing,,4.02
clip_000207.mp4,failed_landing,,4.01
clip_000208.mp4,successful_landing,,4.02
clip_000209.mp4,successful_landing,,4.02
clip_000210.mp4,failed_landing,,4.02
clip_000211.mp4,successful_landing,,4.02
clip_000212.mp4,successful_landing,,4.02
clip_000213.mp4,failed_landing,,4.02
clip_000214.mp4,failed_landing,,4.01
clip_000215.mp4,successful_landing,,4.01
clip_000216.mp4,failed_landing,,4.02
clip_000217.mp4,failed_landing,,4.02
clip_000218.mp4,successful_landing,,4.02
clip_000219.mp4,failed_landing,hand_occlusion,4.02
clip_000220.mp4,successful_landing,,4.02
clip_000221.mp4,successful_landing,,4.02
clip_000222.mp4,successful_landing,,4.02
clip_000223.mp4,successful_landing,,4.01
clip_000224.mp4,failed_landing,,4.01
clip_000225.mp4,failed_landing,poor_camera_angle,4.01
clip_000226.mp4,successful_landing,,4.02
clip_000227.mp4,successful_landing,,4.02
clip_000228.mp4,failed_landing,poor_camera_angle,4.02
clip_000229.mp4,successful_landing,,4.02
clip_000230.mp4,successful_landing,,4.01
clip_000231.mp4,failed_landing,,4.01
clip_000232.mp4,failed_landing,,4.02
clip_000233.mp4,failed_landing,bottle_left_frame,4.02
clip_000234.mp4,failed_landing,,4.02
clip_000235.mp4,successful_landing,,4.02
clip_000236.mp4,successful_landing,,4.02
clip_000237.mp4,failed_landing,,4.02
clip_000238.mp4,failed_landing,,4.02
clip_000239.mp4,successful_landing,,4.01
clip_000240.mp4,successful_landing,,4.02
clip_000241.mp4,failed_landing,,4.02
clip_000242.mp4,failed_landing,,4.02
clip_000243.mp4,failed_landing,,4.01
clip_000244.mp4,failed_landing,,4.01
clip_000245.mp4,successful_landing,,4.01
clip_000246.mp4,failed_landing,,4.02
clip_000247.mp4,successful_landing,,4.02
clip_000248.mp4,successful_landing,,4.02
clip_000249.mp4,failed_landing,,4.02
clip_000250.mp4,failed_landing,,4.01
clip_000251.mp4,failed_landing,,4.02
clip_000252.mp4,failed_landing,,4.02
clip_000253.mp4,failed_landing,,4.02
clip_000254.mp4,successful_landing,,4.01
clip_000255.mp4,successful_landing,,4.02
clip_000256.mp4,successful_landing,,4.02
clip_000257.mp4,failed_landing,,4.02
clip_000258.mp4,successful_landing,,4.02
clip_000259.mp4,failed_landing,,4.02
clip_000260.mp4,successful_landing,,4.01
clip_000261.mp4,successful_landing,,4.01
clip_000262.mp4,successful_landing,,4.02
clip_000263.mp4,failed_landing,,4.02
clip_000264.mp4,successful_landing,,4
clip_000265.mp4,failed_landing,,4.01
clip_000266.mp4,successful_landing,,4.02
clip_000267.mp4,successful_landing,,4.02
clip_000268.mp4,failed_landing,,4.01
clip_000269.mp4,failed_landing,,4.02
clip_000270.mp4,successful_landing,,4.01
clip_000271.mp4,successful_landing,,4.02
clip_000272.mp4,failed_landing,,4.02
clip_000273.mp4,failed_landing,,4.01
clip_000274.mp4,successful_landing,,4.02
clip_000275.mp4,failed_landing,,4.02
clip_000276.mp4,failed_landing,bottle_left_frame,4.01
clip_000277.mp4,successful_landing,,4.01
clip_000278.mp4,successful_landing,,4.02
clip_000279.mp4,failed_landing,,4.02
clip_000280.mp4,failed_landing,,4.02
clip_000281.mp4,successful_landing,,4.02
clip_000282.mp4,successful_landing,,4.02
clip_000283.mp4,successful_landing,,4.01
clip_000284.mp4,failed_landing,,4
clip_000285.mp4,failed_landing,,4.02
clip_000286.mp4,successful_landing,,4.02
clip_000287.mp4,successful_landing,,4.02
clip_000288.mp4,failed_landing,,4.02
clip_000289.mp4,failed_landing,,4.02
clip_000290.mp4,successful_landing,,4.02
clip_000291.mp4,failed_landing,,4.01
clip_000292.mp4,successful_landing,,4.02
clip_000293.mp4,successful_landing,,4.02
clip_000294.mp4,failed_landing,,4.02
clip_000295.mp4,successful_landing,,4.02
clip_000296.mp4,successful_landing,,4.02
clip_000297.mp4,successful_landing,,4.02
clip_000298.mp4,successful_landing,,4.02
clip_000299.mp4,successful_landing,,4.02
clip_000300.mp4,successful_landing,,4
clip_000301.mp4,failed_landing,,4.02
clip_000302.mp4,successful_landing,,4.02
clip_000303.mp4,failed_landing,,4.01
clip_000304.mp4,failed_landing,,4.02
clip_000305.mp4,failed_landing,,4.02
clip_000306.mp4,failed_landing,,4.02
clip_000307.mp4,failed_landing,,4.02
clip_000308.mp4,successful_landing,,4.02
clip_000309.mp4,successful_landing,,4.02
clip_000310.mp4,successful_landing,,4.02
clip_000311.mp4,failed_landing,,3.02
clip_000312.mp4,failed_landing,,3.02
clip_000313.mp4,successful_landing,,3.02
clip_000314.mp4,successful_landing,,3.01
clip_000315.mp4,failed_landing,,3.02
clip_000316.mp4,successful_landing,,3.02
clip_000317.mp4,failed_landing,,3.02
clip_000318.mp4,failed_landing,,3.02
clip_000319.mp4,successful_landing,,3.02
clip_000320.mp4,successful_landing,,3.02
clip_000321.mp4,successful_landing,,3.02
clip_000322.mp4,successful_landing,,3.02
clip_000323.mp4,successful_landing,,3.02
clip_000324.mp4,successful_landing,,3.02
clip_000325.mp4,successful_landing,,3.02
clip_000326.mp4,failed_landing,,3.02
clip_000327.mp4,successful_landing,,3.02
clip_000328.mp4,successful_landing,,3.02
clip_000329.mp4,failed_landing,body_contact,3.02
clip_000330.mp4,failed_landing,body_contact,3.02
clip_000331.mp4,successful_landing,,3.02
clip_000332.mp4,successful_landing,,3.02
clip_000333.mp4,failed_landing,,3.01
clip_000334.mp4,successful_landing,,3.01
clip_000335.mp4,successful_landing,,3.02
clip_000336.mp4,successful_landing,,3.02
clip_000337.mp4,successful_landing,,3.01
clip_000338.mp4,failed_landing,,3.02
clip_000339.mp4,successful_landing,,3.02
clip_000340.mp4,failed_landing,,3.02
clip_000341.mp4,successful_landing,,3.02
clip_000342.mp4,successful_landing,,3.02
clip_000343.mp4,successful_landing,,3.02
clip_000344.mp4,failed_landing,,3.01
clip_000345.mp4,failed_landing,,3.02
clip_000346.mp4,failed_landing,,3.02
clip_000347.mp4,failed_landing,,3.02
clip_000348.mp4,successful_landing,,3.01
clip_000349.mp4,successful_landing,,3.01
clip_000350.mp4,failed_landing,,3.02
clip_000351.mp4,successful_landing,,3.02
clip_000352.mp4,failed_landing,,3.01
clip_000353.mp4,failed_landing,,3.02
clip_000354.mp4,failed_landing,,3.02
clip_000355.mp4,successful_landing,,3.02
clip_000356.mp4,failed_landing,,3.02
clip_000357.mp4,failed_landing,,3.02
clip_000358.mp4,successful_landing,,3.01
clip_000359.mp4,failed_landing,,3.02
clip_000360.mp4,failed_landing,,3.01
clip_000361.mp4,successful_landing,,3.02
clip_000362.mp4,failed_landing,,3.02
clip_000363.mp4,failed_landing,,3.02
clip_000364.mp4,failed_landing,,3.02
clip_000365.mp4,successful_landing,,3.02
clip_000366.mp4,failed_landing,,3.01
clip_000367.mp4,failed_landing,,3.02
clip_000368.mp4,failed_landing,,3.02
clip_000369.mp4,failed_landing,,3.02
clip_000370.mp4,failed_landing,,3.02
clip_000371.mp4,failed_landing,,3.02
clip_000372.mp4,failed_landing,,3.02
clip_000373.mp4,failed_landing,,3.02
clip_000374.mp4,failed_landing,,3.02
clip_000375.mp4,successful_landing,,3
clip_000376.mp4,successful_landing,,3.02
clip_000377.mp4,failed_landing,,3.02
clip_000378.mp4,failed_landing,,3.01
clip_000379.mp4,failed_landing,,3.03
clip_000380.mp4,successful_landing,,3.02
clip_000381.mp4,failed_landing,,3.02
clip_000382.mp4,successful_landing,,3.02
clip_000383.mp4,successful_landing,,3.02
clip_000384.mp4,failed_landing,,3.02
clip_000385.mp4,failed_landing,,3.02
clip_000386.mp4,failed_landing,,3.02
clip_000387.mp4,successful_landing,,3.01
clip_000388.mp4,successful_landing,,3.02
clip_000389.mp4,successful_landing,,3.02
clip_000390.mp4,successful_landing,,3
clip_000391.mp4,failed_landing,,3.02
clip_000392.mp4,failed_landing,,3.02
clip_000393.mp4,successful_landing,,3.02
clip_000394.mp4,successful_landing,,3.02
clip_000395.mp4,failed_landing,,3.02
clip_000396.mp4,failed_landing,,3.02
clip_000397.mp4,failed_landing,,3.02
clip_000398.mp4,failed_landing,,3.02
clip_000399.mp4,failed_landing,,3.01
clip_000400.mp4,failed_landing,,3.02
clip_000401.mp4,successful_landing,,3.02
clip_000402.mp4,failed_landing,bottle_left_frame,3.02
clip_000403.mp4,successful_landing,,3.01
clip_000404.mp4,successful_landing,,3.02
clip_000405.mp4,failed_landing,,3.01
clip_000406.mp4,failed_landing,,3.02
clip_000407.mp4,failed_landing,,3.02
clip_000408.mp4,successful_landing,,3.02
clip_000409.mp4,failed_landing,,3.02
clip_000410.mp4,failed_landing,,3.03
clip_000411.mp4,failed_landing,poor_camera_angle,3.02
clip_000412.mp4,failed_landing,,3.03
clip_000413.mp4,failed_landing,,3
clip_000414.mp4,successful_landing,,3.02
clip_000415.mp4,failed_landing,,3.01
clip_000416.mp4,failed_landing,,3.02
clip_000417.mp4,failed_landing,,3.03
clip_000418.mp4,failed_landing,,3.02
clip_000419.mp4,successful_landing,,3.02
clip_000420.mp4,failed_landing,,3.02
clip_000421.mp4,failed_landing,,3.02
clip_000422.mp4,failed_landing,,3.02
clip_000423.mp4,failed_landing,,3.02
clip_000424.mp4,failed_landing,,3.02
clip_000425.mp4,failed_landing,,3.02
clip_000426.mp4,failed_landing,,3
clip_000427.mp4,failed_landing,,3.02
clip_000428.mp4,successful_landing,,3.02
clip_000429.mp4,failed_landing,,3.02
clip_000430.mp4,failed_landing,,3.02
clip_000431.mp4,successful_landing,,3.01
clip_000432.mp4,successful_landing,,3.02
clip_000433.mp4,successful_landing,,3.03
clip_000434.mp4,failed_landing,,3.01
clip_000435.mp4,failed_landing,,3.01
clip_000436.mp4,failed_landing,,3.01
clip_000437.mp4,failed_landing,,3.01
clip_000438.mp4,successful_landing,,3.02
clip_000439.mp4,failed_landing,,3.03
clip_000440.mp4,successful_landing,,3.02
clip_000441.mp4,failed_landing,,3.02
clip_000442.mp4,successful_landing,,3.02
clip_000443.mp4,failed_landing,,3.01
clip_000444.mp4,failed_landing,,3.01
clip_000445.mp4,failed_landing,,3.02
clip_000446.mp4,failed_landing,,3.01
clip_000447.mp4,failed_landing,,3.02
clip_000448.mp4,failed_landing,,3.02
clip_000449.mp4,successful_landing,,3
clip_000450.mp4,failed_landing,,3.02
clip_000451.mp4,failed_landing,,3.02
clip_000452.mp4,failed_landing,,3.02
clip_000453.mp4,failed_landing,,3.01
clip_000454.mp4,failed_landing,,3.02
clip_000455.mp4,failed_landing,body_contact,3.02
clip_000456.mp4,successful_landing,,3.01
clip_000457.mp4,failed_landing,,3.02
clip_000458.mp4,failed_landing,,3.03
clip_000459.mp4,successful_landing,,3.01
clip_000460.mp4,failed_landing,,3.02
clip_000461.mp4,successful_landing,,3.01
clip_000462.mp4,failed_landing,,3.02
clip_000463.mp4,failed_landing,,3.02
clip_000464.mp4,successful_landing,,3.01
clip_000465.mp4,successful_landing,,3.01
clip_000466.mp4,failed_landing,,3.03
clip_000467.mp4,failed_landing,,3.02
clip_000468.mp4,successful_landing,,3.02
clip_000469.mp4,failed_landing,,3.01
clip_000470.mp4,failed_landing,,3.02
clip_000471.mp4,failed_landing,,3.02
clip_000472.mp4,failed_landing,,3.02
clip_000473.mp4,failed_landing,,3.01
clip_000474.mp4,failed_landing,,3.01
clip_000475.mp4,failed_landing,,3.02
clip_000476.mp4,failed_landing,,3.02
clip_000477.mp4,failed_landing,,3.02
clip_000478.mp4,failed_landing,body_contact,3.02
clip_000479.mp4,failed_landing,body_contact,3.02
clip_000480.mp4,failed_landing,,3.02
clip_000481.mp4,failed_landing,,3.02
clip_000482.mp4,successful_landing,,3.02
clip_000483.mp4,failed_landing,,3.02
clip_000484.mp4,failed_landing,,3.01
clip_000485.mp4,failed_landing,,3.02
clip_000486.mp4,failed_landing,,3.03
clip_000487.mp4,failed_landing,,3.02
clip_000488.mp4,failed_landing,,3.02
clip_000489.mp4,successful_landing,,3.02
clip_000490.mp4,failed_landing,,3.02
clip_000491.mp4,successful_landing,,3.02
clip_000492.mp4,failed_landing,,3.02
clip_000493.mp4,failed_landing,,3.01
clip_000494.mp4,failed_landing,,3.02
clip_000495.mp4,failed_landing,,3.02
clip_000496.mp4,failed_landing,,3.02
clip_000497.mp4,failed_landing,,3
clip_000498.mp4,failed_landing,,3.02
clip_000499.mp4,successful_landing,,3.02
clip_000500.mp4,failed_landing,,3.02
clip_000501.mp4,failed_landing,,3.02
clip_000502.mp4,failed_landing,,3.01
clip_000503.mp4,successful_landing,,3.02
clip_000504.mp4,failed_landing,,3.02
clip_000505.mp4,failed_landing,,3.02
clip_000506.mp4,failed_landing,,3.02
clip_000507.mp4,failed_landing,,3.02
clip_000508.mp4,failed_landing,,3.02
clip_000509.mp4,successful_landing,,3.02
clip_000510.mp4,failed_landing,,3.03
clip_000511.mp4,failed_landing,,3.01
clip_000512.mp4,failed_landing,,3.02
clip_000513.mp4,failed_landing,,3.02
clip_000514.mp4,failed_landing,,3.02
clip_000515.mp4,successful_landing,,3.02
clip_000516.mp4,successful_landing,,3.02
clip_000517.mp4,failed_landing,,3.01
clip_000518.mp4,failed_landing,,3.02
clip_000519.mp4,failed_landing,,3.02
clip_000520.mp4,successful_landing,,3.02
clip_000521.mp4,failed_landing,,3.01
clip_000522.mp4,failed_landing,,3.01
clip_000523.mp4,failed_landing,,3.02
clip_000524.mp4,failed_landing,,3.02
clip_000525.mp4,failed_landing,,3.02
clip_000526.mp4,failed_landing,bottle_left_frame,3.02
clip_000527.mp4,successful_landing,,3.02
clip_000528.mp4,failed_landing,,3.02
clip_000529.mp4,successful_landing,,3.02
clip_000530.mp4,failed_landing,,3.02
clip_000531.mp4,failed_landing,,3.01
clip_000532.mp4,failed_landing,,3.02
clip_000533.mp4,successful_landing,,3.03
clip_000534.mp4,failed_landing,,3.02
clip_000535.mp4,successful_landing,,3.01
clip_000536.mp4,successful_landing,,3.02
clip_000537.mp4,successful_landing,,3.02
clip_000538.mp4,failed_landing,,3.03
clip_000539.mp4,failed_landing,,3.01
clip_000540.mp4,failed_landing,,3.02
clip_000541.mp4,successful_landing,,3.01
clip_000542.mp4,failed_landing,,3.02
clip_000543.mp4,failed_landing,,3.02
clip_000544.mp4,failed_landing,,3.03
clip_000545.mp4,successful_landing,,3.01
clip_000546.mp4,failed_landing,,3.02
clip_000547.mp4,failed_landing,,3.01
clip_000548.mp4,successful_landing,,3.02
clip_000549.mp4,failed_landing,,3.02
clip_000550.mp4,successful_landing,,3.02
clip_000551.mp4,failed_landing,,3.02
clip_000552.mp4,failed_landing,,3.02
clip_000553.mp4,failed_landing,,3.02
clip_000554.mp4,failed_landing,,3.02
clip_000555.mp4,failed_landing,,3.02
clip_000556.mp4,failed_landing,,3.02
clip_000557.mp4,successful_landing,,3.01
clip_000558.mp4,failed_landing,,3.02
clip_000559.mp4,successful_landing,,3.02
clip_000560.mp4,failed_landing,,3.02
clip_000561.mp4,failed_landing,,3.02
clip_000562.mp4,failed_landing,,3.02
clip_000563.mp4,failed_landing,,3.02
clip_000564.mp4,failed_landing,,3.02
clip_000565.mp4,successful_landing,,3.02
clip_000566.mp4,failed_landing,,3.01
clip_000567.mp4,successful_landing,,3.02
clip_000568.mp4,successful_landing,,3.02
clip_000569.mp4,failed_landing,,3.03
clip_000570.mp4,successful_landing,,3.03
clip_000571.mp4,failed_landing,,3.02
clip_000572.mp4,successful_landing,,3.02
clip_000573.mp4,successful_landing,,3
clip_000574.mp4,failed_landing,,3.02
clip_000575.mp4,failed_landing,,3.02
clip_000576.mp4,failed_landing,,3.02
clip_000577.mp4,failed_landing,,3.02
clip_000578.mp4,failed_landing,,3.01
clip_000579.mp4,failed_landing,,3.02
clip_000580.mp4,failed_landing,,3.02
clip_000581.mp4,failed_landing,,3.02
clip_000582.mp4,successful_landing,,3.03
clip_000583.mp4,failed_landing,,3.02
clip_000584.mp4,failed_landing,,3.03
clip_000585.mp4,successful_landing,,3.02
clip_000586.mp4,failed_landing,body_contact,3.02
clip_000587.mp4,failed_landing,,3.03
clip_000588.mp4,failed_landing,,3.02
clip_000589.mp4,failed_landing,,3.02
clip_000590.mp4,successful_landing,,3.02
clip_000591.mp4,successful_landing,,3.02
clip_000592.mp4,failed_landing,,3.02
clip_000593.mp4,failed_landing,,3.02
clip_000594.mp4,failed_landing,,3.02
clip_000595.mp4,failed_landing,,3.02
clip_000596.mp4,failed_landing,,3.02
clip_000597.mp4,failed_landing,,3.02
clip_000598.mp4,failed_landing,,3.01
clip_000599.mp4,failed_landing,,3.01
clip_000600.mp4,failed_landing,,3.02
clip_000601.mp4,successful_landing,,3.01
clip_000602.mp4,successful_landing,,3.01
clip_000603.mp4,failed_landing,,3.02
clip_000604.mp4,failed_landing,,3.02
clip_000605.mp4,successful_landing,,3.02
clip_000606.mp4,failed_landing,,3.02
clip_000607.mp4,failed_landing,,3.02
clip_000608.mp4,failed_landing,,3.02
clip_000609.mp4,failed_landing,,3.02
clip_000610.mp4,successful_landing,,3.02
clip_000611.mp4,failed_landing,,3.02
clip_000612.mp4,failed_landing,,3
clip_000613.mp4,failed_landing,,3.02
clip_000614.mp4,successful_landing,,3.02
clip_000615.mp4,failed_landing,,3.02
clip_000616.mp4,failed_landing,,3.02
clip_000617.mp4,failed_landing,,3.02
clip_000618.mp4,successful_landing,,3.02
clip_000619.mp4,successful_landing,,3.02
clip_000620.mp4,successful_landing,,3.02
clip_000621.mp4,failed_landing,bottle_left_frame,3.02
clip_000622.mp4,failed_landing,,3.02
clip_000623.mp4,failed_landing,,3.02
clip_000624.mp4,failed_landing,,3.02
clip_000625.mp4,failed_landing,,3.02
clip_000626.mp4,successful_landing,,3.02
clip_000627.mp4,failed_landing,,3.02
clip_000628.mp4,failed_landing,,3.02
clip_000629.mp4,failed_landing,bottle_left_frame,3.02
clip_000630.mp4,failed_landing,,3.01
clip_000631.mp4,failed_landing,,3.01
clip_000632.mp4,failed_landing,,3.02
clip_000633.mp4,failed_landing,,3.01
clip_000634.mp4,failed_landing,,3
clip_000635.mp4,successful_landing,,3.02
clip_000636.mp4,successful_landing,,3.02
clip_000637.mp4,successful_landing,,3.02
clip_000638.mp4,failed_landing,,3.02
clip_000639.mp4,failed_landing,,3.02
clip_000640.mp4,failed_landing,,3.02
clip_000641.mp4,failed_landing,,3.02
clip_000642.mp4,failed_landing,,3.02
clip_000643.mp4,failed_landing,,3.02
clip_000644.mp4,failed_landing,,3.02
clip_000645.mp4,failed_landing,,3.02
clip_000646.mp4,successful_landing,,3.02
clip_000647.mp4,failed_landing,,3.02
clip_000648.mp4,failed_landing,body_contact,3.03
clip_000649.mp4,successful_landing,,3.02
clip_000650.mp4,successful_landing,,3.02
clip_000651.mp4,failed_landing,,3.02
clip_000652.mp4,successful_landing,,3.02
clip_000653.mp4,failed_landing,,3.02
clip_000654.mp4,failed_landing,,3.02
clip_000655.mp4,failed_landing,,3.02
clip_000656.mp4,failed_landing,,3.02
clip_000657.mp4,failed_landing,,3.02
clip_000658.mp4,failed_landing,,3.02
clip_000659.mp4,failed_landing,,3.01
clip_000660.mp4,failed_landing,,3.01
clip_000661.mp4,failed_landing,,3.02
clip_000662.mp4,failed_landing,,3.02
clip_000663.mp4,successful_landing,,3.02
clip_000664.mp4,failed_landing,,3.02
clip_000665.mp4,failed_landing,,3.02
clip_000666.mp4,successful_landing,,3.02
clip_000667.mp4,successful_landing,,3.02
clip_000668.mp4,failed_landing,,3.02
clip_000669.mp4,failed_landing,,3.02
clip_000670.mp4,successful_landing,,3.02
clip_000671.mp4,failed_landing,,3.01
clip_000672.mp4,failed_landing,,3.03
clip_000673.mp4,failed_landing,,3.02
clip_000674.mp4,failed_landing,,3.02
clip_000675.mp4,failed_landing,,3.02
clip_000676.mp4,failed_landing,,3.02
clip_000677.mp4,successful_landing,,3.02
clip_000678.mp4,failed_landing,,3.02
clip_000679.mp4,failed_landing,bottle_left_frame,3.02
clip_000680.mp4,failed_landing,,3.02
clip_000681.mp4,failed_landing,,3.01
clip_000682.mp4,failed_landing,,3.02
clip_000683.mp4,failed_landing,,3.02
clip_000684.mp4,successful_landing,,3.01
clip_000685.mp4,successful_landing,,3.02
clip_000686.mp4,failed_landing,,3.02
clip_000687.mp4,failed_landing,,3.02
clip_000688.mp4,failed_landing,,3.02
clip_000689.mp4,successful_landing,,3.02
clip_000690.mp4,failed_landing,,3.02
clip_000691.mp4,successful_landing,,3.02
clip_000692.mp4,failed_landing,,3.02
clip_000693.mp4,failed_landing,body_contact,3.02
clip_000694.mp4,failed_landing,,3.02
clip_000695.mp4,failed_landing,,3.02
clip_000696.mp4,failed_landing,,3.02
clip_000697.mp4,failed_landing,,3.03
clip_000698.mp4,failed_landing,,3.02
clip_000699.mp4,failed_landing,,3.02
clip_000700.mp4,successful_landing,,3.02
clip_000701.mp4,failed_landing,,3.02
clip_000702.mp4,failed_landing,,3.02
clip_000703.mp4,failed_landing,,3.02
clip_000704.mp4,successful_landing,,3.02
clip_000705.mp4,failed_landing,,3.02
clip_000706.mp4,failed_landing,,3.02
clip_000707.mp4,failed_landing,,3.02
clip_000708.mp4,successful_landing,,3.02
clip_000709.mp4,failed_landing,,3.02
clip_000710.mp4,failed_landing,,3.02
clip_000711.mp4,failed_landing,,3.02
clip_000712.mp4,failed_landing,,3.02
clip_000713.mp4,failed_landing,,3.02
clip_000714.mp4,successful_landing,,3.01
clip_000715.mp4,failed_landing,,3.02
clip_000716.mp4,failed_landing,,3.02
clip_000717.mp4,failed_landing,,3.02
clip_000718.mp4,successful_landing,,3.02
clip_000719.mp4,successful_landing,,3.02
clip_000720.mp4,failed_landing,,3.02
clip_000721.mp4,failed_landing,,3.02
clip_000722.mp4,failed_landing,,3.02
clip_000723.mp4,failed_landing,,3.02
clip_000724.mp4,failed_landing,,3.02
clip_000725.mp4,successful_landing,,3.03
clip_000726.mp4,failed_landing,,3.02
clip_000727.mp4,failed_landing,,3.02
clip_000728.mp4,failed_landing,,3.01
clip_000729.mp4,failed_landing,,3
clip_000730.mp4,failed_landing,,3.01
clip_000731.mp4,failed_landing,body_contact,3.02
clip_000732.mp4,failed_landing,,3.01
clip_000733.mp4,failed_landing,,3.02
clip_000734.mp4,failed_landing,,3.03
clip_000735.mp4,failed_landing,,3.02
clip_000736.mp4,failed_landing,,3.02
clip_000737.mp4,successful_landing,,3.02
clip_000738.mp4,successful_landing,,3.01
clip_000739.mp4,failed_landing,,3.02
clip_000740.mp4,failed_landing,,3
clip_000741.mp4,successful_landing,,3.02
clip_000742.mp4,successful_landing,,3.03
clip_000743.mp4,failed_landing,,3.02
clip_000744.mp4,failed_landing,,3.02
clip_000745.mp4,failed_landing,,3.02
clip_000746.mp4,failed_landing,,3.01
clip_000747.mp4,successful_landing,,3.01
clip_000748.mp4,failed_landing,,3
clip_000749.mp4,failed_landing,,3.02
clip_000750.mp4,failed_landing,,3.02
clip_000751.mp4,failed_landing,,3.02
clip_000752.mp4,failed_landing,,3.02
clip_000753.mp4,failed_landing,,3.03
clip_000754.mp4,successful_landing,,3.02
clip_000755.mp4,successful_landing,,3.02
clip_000756.mp4,failed_landing,,3.01
clip_000757.mp4,successful_landing,,3.02
clip_000758.mp4,failed_landing,,3.02
clip_000759.mp4,successful_landing,,3.03
clip_000760.mp4,successful_landing,,3.02
clip_000761.mp4,successful_landing,,3.02
clip_000762.mp4,successful_landing,,3.02
clip_000763.mp4,successful_landing,,3.02
clip_000764.mp4,failed_landing,,3.02
clip_000765.mp4,successful_landing,,3.02
clip_000766.mp4,failed_landing,,3.02
clip_000767.mp4,successful_landing,,3.02
clip_000768.mp4,successful_landing,,3
clip_000769.mp4,successful_landing,,3.02
clip_000770.mp4,successful_landing,,3.02
clip_000771.mp4,successful_landing,,3.02
clip_000772.mp4,successful_landing,,3.03
clip_000773.mp4,successful_landing,,3.03
clip_000774.mp4,successful_landing,,3.02
clip_000775.mp4,successful_landing,,3.03
clip_000776.mp4,successful_landing,,3.02
clip_000777.mp4,successful_landing,,3.03
clip_000778.mp4,successful_landing,,3.02
clip_000779.mp4,successful_landing,,3.01
clip_000780.mp4,successful_landing,,3.02
clip_000781.mp4,successful_landing,,3.02
clip_000782.mp4,successful_landing,,3.02
clip_000783.mp4,successful_landing,,3.02
clip_000784.mp4,successful_landing,,3.03
clip_000785.mp4,successful_landing,,3.01
clip_000786.mp4,successful_landing,,3.02
clip_000787.mp4,successful_landing,,3.02
clip_000788.mp4,successful_landing,,3.02
clip_000789.mp4,successful_landing,,3.02
clip_000790.mp4,successful_landing,,3.01
clip_000791.mp4,successful_landing,,3.03
clip_000792.mp4,successful_landing,,3.03
clip_000793.mp4,successful_landing,,3.02
clip_000794.mp4,failed_landing,bottle_left_frame,3.02
clip_000795.mp4,successful_landing,,3.02
clip_000796.mp4,failed_landing,,3.02
clip_000797.mp4,successful_landing,,3.02
clip_000798.mp4,successful_landing,,3.02
clip_000799.mp4,successful_landing,,3.01
clip_000800.mp4,successful_landing,,3.02
clip_000801.mp4,failed_landing,,3.01
clip_000802.mp4,failed_landing,poor_camera_angle,3.01
clip_000803.mp4,successful_landing,,3.02
clip_000804.mp4,successful_landing,,3.02
clip_000805.mp4,successful_landing,,3.02
clip_000806.mp4,successful_landing,,3.02
clip_000807.mp4,successful_landing,,3.02
clip_000808.mp4,successful_landing,,3.02
clip_000809.mp4,successful_landing,,3.02
clip_000810.mp4,successful_landing,,3.02
clip_000811.mp4,successful_landing,,3.01
clip_000812.mp4,successful_landing,,3.03
clip_000813.mp4,successful_landing,,3.02
clip_000814.mp4,successful_landing,,3.02
clip_000815.mp4,successful_landing,,3.03
clip_000816.mp4,successful_landing,,3.02
clip_000817.mp4,successful_landing,,3.02
clip_000818.mp4,successful_landing,,3.02
clip_000819.mp4,successful_landing,,3.02
clip_000820.mp4,successful_landing,,3.02
clip_000821.mp4,successful_landing,,3.02
clip_000822.mp4,successful_landing,,3.02
clip_000823.mp4,successful_landing,,3.02
clip_000824.mp4,successful_landing,,3.02
clip_000825.mp4,successful_landing,,3.02
clip_000826.mp4,successful_landing,,3.02
clip_000827.mp4,successful_landing,,3.02
clip_000828.mp4,successful_landing,,3.02
clip_000829.mp4,successful_landing,,3.02
clip_000830.mp4,successful_landing,,3.02
clip_000831.mp4,successful_landing,,3.02
clip_000832.mp4,successful_landing,,3.02
clip_000833.mp4,successful_landing,,3.02
clip_000834.mp4,successful_landing,,3.03
clip_000835.mp4,successful_landing,,3.02
clip_000836.mp4,successful_landing,,3.02
clip_000837.mp4,successful_landing,,3.02
clip_000838.mp4,successful_landing,,3.02
clip_000839.mp4,successful_landing,,3.02
clip_000840.mp4,successful_landing,,3.02
clip_000841.mp4,successful_landing,,3.02
clip_000842.mp4,successful_landing,,3.03
clip_000843.mp4,successful_landing,,3.02
clip_000844.mp4,successful_landing,,3.03
clip_000845.mp4,successful_landing,,3.02
clip_000846.mp4,successful_landing,,3.02
clip_000847.mp4,successful_landing,,3.02
clip_000848.mp4,successful_landing,,3.02
clip_000849.mp4,successful_landing,,3.03
clip_000850.mp4,successful_landing,,3.02
clip_000851.mp4,successful_landing,,3.02
clip_000852.mp4,successful_landing,,3.02
clip_000853.mp4,successful_landing,,3.02
clip_000854.mp4,successful_landing,,3.01
clip_000855.mp4,successful_landing,,3.02
clip_000856.mp4,successful_landing,,3.02
clip_000857.mp4,successful_landing,,3.02
clip_000858.mp4,successful_landing,,3.02
clip_000859.mp4,successful_landing,,3.03
clip_000860.mp4,successful_landing,,3.02
clip_000861.mp4,successful_landing,,3.02
clip_000862.mp4,successful_landing,,3.02
clip_000863.mp4,successful_landing,,3.03
clip_000864.mp4,successful_landing,,3.02
clip_000865.mp4,successful_landing,,3.02
clip_000866.mp4,successful_landing,,3.03
clip_000867.mp4,successful_landing,,3.02
clip_000868.mp4,successful_landing,,3.02
clip_000869.mp4,successful_landing,,3.03
clip_000870.mp4,successful_landing,,3.03
clip_000871.mp4,successful_landing,,3.02
clip_000872.mp4,failed_landing,,3.02
clip_000873.mp4,failed_landing,,3.02
clip_000874.mp4,successful_landing,,3
clip_000875.mp4,successful_landing,,3.02
clip_000876.mp4,successful_landing,,3.01
clip_000877.mp4,successful_landing,,3.02
clip_000878.mp4,successful_landing,,3.03
clip_000879.mp4,successful_landing,,3.02
clip_000880.mp4,failed_landing,,3.02
clip_000881.mp4,successful_landing,,3.02
clip_000882.mp4,successful_landing,,3.03
clip_000883.mp4,failed_landing,,3.02
clip_000884.mp4,successful_landing,,3.02
clip_000885.mp4,failed_landing,,3.02
clip_000886.mp4,failed_landing,,3.02
clip_000887.mp4,successful_landing,,3.02
clip_000888.mp4,successful_landing,,3.03
clip_000889.mp4,failed_landing,,3.02
clip_000890.mp4,failed_landing,,3.02
clip_000891.mp4,failed_landing,bottle_left_frame,3.02
clip_000892.mp4,failed_landing,,3.02
clip_000893.mp4,successful_landing,,3.02
clip_000894.mp4,failed_landing,,3.02
clip_000895.mp4,failed_landing,,3.02
clip_000896.mp4,successful_landing,,3.02
clip_000897.mp4,successful_landing,,3.02
clip_000898.mp4,successful_landing,,3.02
clip_000899.mp4,failed_landing,,3.03
clip_000900.mp4,failed_landing,,3.02
clip_000901.mp4,successful_landing,,3.02
clip_000902.mp4,successful_landing,,3.02
clip_000903.mp4,successful_landing,,3.02
clip_000904.mp4,failed_landing,,3.02
clip_000905.mp4,successful_landing,,3.02
clip_000906.mp4,successful_landing,,3.02
clip_000907.mp4,successful_landing,,3.02
clip_000908.mp4,successful_landing,,3.03
clip_000909.mp4,successful_landing,,3.01
clip_000910.mp4,failed_landing,,3.02
clip_000911.mp4,failed_landing,,3.02
clip_000912.mp4,successful_landing,,3.02
clip_000913.mp4,successful_landing,,3.02
clip_000914.mp4,successful_landing,,3.02
clip_000915.mp4,successful_landing,,3.01
clip_000916.mp4,failed_landing,,3.02
clip_000917.mp4,successful_landing,,3.02
clip_000918.mp4,successful_landing,,3.02
clip_000919.mp4,successful_landing,,3.02
clip_000920.mp4,successful_landing,,3.03
clip_000921.mp4,failed_landing,,3.02
clip_000922.mp4,failed_landing,,3.02
clip_000923.mp4,successful_landing,,3.02
clip_000924.mp4,failed_landing,,3.02
clip_000925.mp4,successful_landing,,3.02
clip_000926.mp4,successful_landing,,3.02
clip_000927.mp4,successful_landing,,3.02
clip_000928.mp4,failed_landing,,3.01
clip_000929.mp4,failed_landing,,3.03
clip_000930.mp4,successful_landing,,3.03
clip_000931.mp4,successful_landing,,3.02
clip_000932.mp4,successful_landing,,3.02
clip_000933.mp4,successful_landing,,3.02
clip_000934.mp4,successful_landing,,3.02
clip_000935.mp4,successful_landing,,3.02
clip_000936.mp4,successful_landing,,3.03
clip_000937.mp4,failed_landing,,3.02
clip_000938.mp4,failed_landing,,3.01
clip_000939.mp4,successful_landing,,3.02
clip_000940.mp4,failed_landing,,3.02
clip_000941.mp4,failed_landing,,3.02
clip_000942.mp4,failed_landing,,3.02
clip_000943.mp4,failed_landing,,3.02
clip_000944.mp4,successful_landing,,3.02
clip_000945.mp4,failed_landing,,3.02
clip_000946.mp4,failed_landing,,3.02
clip_000947.mp4,successful_landing,,3.02
clip_000948.mp4,successful_landing,,3.02
clip_000949.mp4,failed_landing,,3.02
clip_000950.mp4,failed_landing,,3.02
clip_000951.mp4,successful_landing,,3.02
clip_000952.mp4,failed_landing,,3.03
clip_000953.mp4,successful_landing,,3.02
clip_000954.mp4,successful_landing,,3.02
clip_000955.mp4,failed_landing,,3.02
clip_000956.mp4,failed_landing,,3.03
clip_000957.mp4,failed_landing,,3.02
clip_000958.mp4,failed_landing,,3.02
clip_000959.mp4,failed_landing,,3.02
clip_000960.mp4,failed_landing,,3.02
clip_000961.mp4,failed_landing,,3.02
clip_000962.mp4,failed_landing,,3.02
clip_000963.mp4,successful_landing,,3.02
clip_000964.mp4,successful_landing,,3.02
clip_000965.mp4,failed_landing,,3.03
clip_000966.mp4,failed_landing,,3.03
clip_000967.mp4,successful_landing,,3.02
clip_000968.mp4,successful_landing,,3.02
clip_000969.mp4,successful_landing,,3.01
clip_000970.mp4,failed_landing,,3.02
clip_000971.mp4,successful_landing,,3.01
clip_000972.mp4,failed_landing,,3
clip_000973.mp4,failed_landing,,3.01
clip_000974.mp4,successful_landing,,3.01
clip_000975.mp4,failed_landing,,3.01
clip_000976.mp4,failed_landing,,3.01
clip_000977.mp4,failed_landing,,3.01
clip_000978.mp4,failed_landing,,3.01
clip_000979.mp4,successful_landing,,3.01
clip_000980.mp4,successful_landing,,3.01
clip_000981.mp4,successful_landing,,3.01
clip_000982.mp4,successful_landing,,3.01